Avg Flow Num,Threshold,Mean Blocked Rate (%),Std Dev Blocked Rate (%),Mean Total Flows
70,0,7.366404645809112,3.498042307213469,884.0
70,1,6.377210931544704,0.6656783901699244,920.4
80,0,11.819785789360683,3.591129445847266,1008.8
80,1,9.860587645427458,0.8344678137257256,1029.6
